10000,search started log File: multiple started files exists ==>Test was been restartet, using first
10000,search finished log File: ,multiple finished files exists ==>Test was been restartet, using first
10001,search started log File: multiple started files exists ==>Test was been restartet, using first
10001,search finished log File: ,multiple finished files exists ==>Test was been restartet, using first
10053,search started log File: multiple started files exists ==>Test was been restartet, using first
10053,search finished log File: ,multiple finished files exists ==>Test was been restartet, using first
10061,search started log File: multiple started files exists ==>Test was been restartet, using first
10061,search finished log File: ,multiple finished files exists ==>Test was been restartet, using first
10204,search started log File: multiple started files exists ==>Test was been restartet, using first
10204,search finished log File: ,multiple finished files exists ==>Test was been restartet, using first
10258,search started log File: multiple started files exists ==>Test was been restartet, using first
10258,search finished log File: ,multiple finished files exists ==>Test was been restartet, using first
10259,search started log File: multiple started files exists ==>Test was been restartet, using first
10259,search finished log File: ,multiple finished files exists ==>Test was been restartet, using first
10277,search started log File: multiple started files exists ==>Test was been restartet, using first
10277,search finished log File: ,multiple finished files exists ==>Test was been restartet, using first
10324,search started log File: multiple started files exists ==>Test was been restartet, using first
10324,search finished log File: ,multiple finished files exists ==>Test was been restartet, using first
10327,search started log File: multiple started files exists ==>Test was been restartet, using first
10327,search finished log File: ,multiple finished files exists ==>Test was been restartet, using first
10352,search started log File: multiple started files exists ==>Test was been restartet, using first
10352,search finished log File: ,multiple finished files exists ==>Test was been restartet, using first
10358,search started log File: multiple started files exists ==>Test was been restartet, using first
10358,search finished log File: ,multiple finished files exists ==>Test was been restartet, using first
10593,search started log File: multiple started files exists ==>Test was been restartet, using first
10593,search finished log File: ,multiple finished files exists ==>Test was been restartet, using first
10688,search started log File: multiple started files exists ==>Test was been restartet, using first
10688,search finished log File: ,multiple finished files exists ==>Test was been restartet, using first
10790,search started log File: multiple started files exists ==>Test was been restartet, using first
10790,search finished log File: ,multiple finished files exists ==>Test was been restartet, using first
10843,search started log File: multiple started files exists ==>Test was been restartet, using first
10843,search finished log File: ,multiple finished files exists ==>Test was been restartet, using first
10859,search started log File: multiple started files exists ==>Test was been restartet, using first
10859,search finished log File: ,multiple finished files exists ==>Test was been restartet, using first
10871,search started log File: multiple started files exists ==>Test was been restartet, using first
10871,search finished log File: ,multiple finished files exists ==>Test was been restartet, using first
11101,search started log File: multiple started files exists ==>Test was been restartet, using first
11101,search finished log File: ,multiple finished files exists ==>Test was been restartet, using first
11104,search started log File: multiple started files exists ==>Test was been restartet, using first
11104,search finished log File: ,multiple finished files exists ==>Test was been restartet, using first
11282,search started log File: multiple started files exists ==>Test was been restartet, using first
11282,search finished log File: ,multiple finished files exists ==>Test was been restartet, using first
11284,search finished log File: ,multiple finished files exists ==>Test was been restartet, using first
11289,search started log File: multiple started files exists ==>Test was been restartet, using first
11289,search finished log File: ,multiple finished files exists ==>Test was been restartet, using first
11425,search started log File: multiple started files exists ==>Test was been restartet, using first
11425,search finished log File: ,multiple finished files exists ==>Test was been restartet, using first
11438,search started log File: multiple started files exists ==>Test was been restartet, using first
11438,search finished log File: ,multiple finished files exists ==>Test was been restartet, using first
11441,search started log File: multiple started files exists ==>Test was been restartet, using first
11441,search finished log File: ,multiple finished files exists ==>Test was been restartet, using first
11442,search started log File: multiple started files exists ==>Test was been restartet, using first
11442,search finished log File: ,multiple finished files exists ==>Test was been restartet, using first
11443,search started log File: multiple started files exists ==>Test was been restartet, using first
11443,search finished log File: ,multiple finished files exists ==>Test was been restartet, using first
11449,search started log File: multiple started files exists ==>Test was been restartet, using first
11449,search finished log File: ,multiple finished files exists ==>Test was been restartet, using first
11451,search started log File: multiple started files exists ==>Test was been restartet, using first
11451,search finished log File: ,multiple finished files exists ==>Test was been restartet, using first
11452,search started log File: multiple started files exists ==>Test was been restartet, using first
11452,search finished log File: ,multiple finished files exists ==>Test was been restartet, using first
11763,search started log File: multiple started files exists ==>Test was been restartet, using first
11763,search finished log File: ,multiple finished files exists ==>Test was been restartet, using first
11764,search started log File: multiple started files exists ==>Test was been restartet, using first
11764,search finished log File: ,multiple finished files exists ==>Test was been restartet, using first
11765,search started log File: multiple started files exists ==>Test was been restartet, using first
11765,search finished log File: ,multiple finished files exists ==>Test was been restartet, using first
11775,search started log File: multiple started files exists ==>Test was been restartet, using first
11775,search finished log File: ,multiple finished files exists ==>Test was been restartet, using first
11951,search started log File: multiple started files exists ==>Test was been restartet, using first
11951,search finished log File: ,multiple finished files exists ==>Test was been restartet, using first
1213,search started log File: multiple started files exists ==>Test was been restartet, using first
1213,search finished log File: ,multiple finished files exists ==>Test was been restartet, using first
12209,search started log File: multiple started files exists ==>Test was been restartet, using first
12209,search finished log File: ,multiple finished files exists ==>Test was been restartet, using first
12210,search started log File: multiple started files exists ==>Test was been restartet, using first
12210,search finished log File: ,multiple finished files exists ==>Test was been restartet, using first
12215,search started log File: multiple started files exists ==>Test was been restartet, using first
12215,search finished log File: ,multiple finished files exists ==>Test was been restartet, using first
12261,search started log File: multiple started files exists ==>Test was been restartet, using first
12261,search finished log File: ,multiple finished files exists ==>Test was been restartet, using first
12263,search started log File: multiple started files exists ==>Test was been restartet, using first
12263,search finished log File: ,multiple finished files exists ==>Test was been restartet, using first
12330,search started log File: multiple started files exists ==>Test was been restartet, using first
12330,search finished log File: ,multiple finished files exists ==>Test was been restartet, using first
12337,search started log File: multiple started files exists ==>Test was been restartet, using first
12337,search finished log File: ,multiple finished files exists ==>Test was been restartet, using first
12502,search started log File: multiple started files exists ==>Test was been restartet, using first
12502,search finished log File: ,multiple finished files exists ==>Test was been restartet, using first
12503,search started log File: multiple started files exists ==>Test was been restartet, using first
12503,search finished log File: ,multiple finished files exists ==>Test was been restartet, using first
12520,search started log File: multiple started files exists ==>Test was been restartet, using first
12520,search finished log File: ,multiple finished files exists ==>Test was been restartet, using first
12532,search started log File: multiple started files exists ==>Test was been restartet, using first
12532,search finished log File: ,multiple finished files exists ==>Test was been restartet, using first
12533,search started log File: multiple started files exists ==>Test was been restartet, using first
12533,search finished log File: ,multiple finished files exists ==>Test was been restartet, using first
12537,search started log File: multiple started files exists ==>Test was been restartet, using first
12537,search finished log File: ,multiple finished files exists ==>Test was been restartet, using first
12574,search started log File: multiple started files exists ==>Test was been restartet, using first
12574,search finished log File: ,multiple finished files exists ==>Test was been restartet, using first
12575,search started log File: multiple started files exists ==>Test was been restartet, using first
12575,search finished log File: ,multiple finished files exists ==>Test was been restartet, using first
12576,search started log File: multiple started files exists ==>Test was been restartet, using first
12576,search finished log File: ,multiple finished files exists ==>Test was been restartet, using first
12577,search started log File: multiple started files exists ==>Test was been restartet, using first
12577,search finished log File: ,multiple finished files exists ==>Test was been restartet, using first
12579,search started log File: multiple started files exists ==>Test was been restartet, using first
12579,search finished log File: ,multiple finished files exists ==>Test was been restartet, using first
12580,search started log File: multiple started files exists ==>Test was been restartet, using first
12580,search finished log File: ,multiple finished files exists ==>Test was been restartet, using first
12658,search started log File: multiple started files exists ==>Test was been restartet, using first
12658,search finished log File: ,multiple finished files exists ==>Test was been restartet, using first
12686,search started log File: multiple started files exists ==>Test was been restartet, using first
12686,search finished log File: ,multiple finished files exists ==>Test was been restartet, using first
12688,search started log File: multiple started files exists ==>Test was been restartet, using first
12688,search finished log File: ,multiple finished files exists ==>Test was been restartet, using first
12698,search started log File: multiple started files exists ==>Test was been restartet, using first
12698,search finished log File: ,multiple finished files exists ==>Test was been restartet, using first
12699,search started log File: multiple started files exists ==>Test was been restartet, using first
12699,search finished log File: ,multiple finished files exists ==>Test was been restartet, using first
12791,search started log File: multiple started files exists ==>Test was been restartet, using first
12791,search finished log File: ,multiple finished files exists ==>Test was been restartet, using first
12798,search started log File: multiple started files exists ==>Test was been restartet, using first
12798,search finished log File: ,multiple finished files exists ==>Test was been restartet, using first
12800,search started log File: multiple started files exists ==>Test was been restartet, using first
12800,search finished log File: ,multiple finished files exists ==>Test was been restartet, using first
12810,search started log File: multiple started files exists ==>Test was been restartet, using first
12810,search finished log File: ,multiple finished files exists ==>Test was been restartet, using first
12829,search started log File: multiple started files exists ==>Test was been restartet, using first
12829,search finished log File: ,multiple finished files exists ==>Test was been restartet, using first
12858,search started log File: multiple started files exists ==>Test was been restartet, using first
12858,search finished log File: ,multiple finished files exists ==>Test was been restartet, using first
12859,search started log File: multiple started files exists ==>Test was been restartet, using first
12859,search finished log File: ,multiple finished files exists ==>Test was been restartet, using first
12860,search started log File: multiple started files exists ==>Test was been restartet, using first
12860,search finished log File: ,multiple finished files exists ==>Test was been restartet, using first
12878,search started log File: multiple started files exists ==>Test was been restartet, using first
12878,search finished log File: ,multiple finished files exists ==>Test was been restartet, using first
12879,search started log File: multiple started files exists ==>Test was been restartet, using first
12879,search finished log File: ,multiple finished files exists ==>Test was been restartet, using first
12884,search started log File: multiple started files exists ==>Test was been restartet, using first
12902,search started log File: multiple started files exists ==>Test was been restartet, using first
12902,search finished log File: ,multiple finished files exists ==>Test was been restartet, using first
12903,search started log File: multiple started files exists ==>Test was been restartet, using first
12903,search finished log File: ,multiple finished files exists ==>Test was been restartet, using first
12945,search started log File: multiple started files exists ==>Test was been restartet, using first
12945,search finished log File: ,multiple finished files exists ==>Test was been restartet, using first
12996,search started log File: multiple started files exists ==>Test was been restartet, using first
12996,search finished log File: ,multiple finished files exists ==>Test was been restartet, using first
13041,search started log File: multiple started files exists ==>Test was been restartet, using first
13041,search finished log File: ,multiple finished files exists ==>Test was been restartet, using first
13060,search started log File: multiple started files exists ==>Test was been restartet, using first
13060,search finished log File: ,multiple finished files exists ==>Test was been restartet, using first
13070,search started log File: multiple started files exists ==>Test was been restartet, using first
13070,search finished log File: ,multiple finished files exists ==>Test was been restartet, using first
13109,search started log File: multiple started files exists ==>Test was been restartet, using first
13109,search finished log File: ,multiple finished files exists ==>Test was been restartet, using first
13147,search started log File: multiple started files exists ==>Test was been restartet, using first
13147,search finished log File: ,multiple finished files exists ==>Test was been restartet, using first
13281,search finished log File: No *finished.*.txt file(s) were found in Path \\sysmpaqs\QS\TOSCA\projects\mpa_314\ExecutionLogfiles\MPA_3.14_445611_MPAQSSNSEXEC2\\testRunLog\13281\
13302,search started log File: multiple started files exists ==>Test was been restartet, using first
13302,search finished log File: ,multiple finished files exists ==>Test was been restartet, using first
13958,search started log File: multiple started files exists ==>Test was been restartet, using first
13958,search finished log File: ,multiple finished files exists ==>Test was been restartet, using first
14446,search finished log File: No *finished.*.txt file(s) were found in Path \\sysmpaqs\QS\TOSCA\projects\mpa_314\ExecutionLogfiles\MPA_3.14_445611_MPAQSSNSEXEC2\\testRunLog\14446\
14567,search started log File: multiple started files exists ==>Test was been restartet, using first
14567,search finished log File: ,multiple finished files exists ==>Test was been restartet, using first
14719,search started log File: multiple started files exists ==>Test was been restartet, using first
14719,search finished log File: ,multiple finished files exists ==>Test was been restartet, using first
15073,search started log File: multiple started files exists ==>Test was been restartet, using first
15073,search finished log File: ,multiple finished files exists ==>Test was been restartet, using first
15239,search started log File: multiple started files exists ==>Test was been restartet, using first
15239,search finished log File: ,multiple finished files exists ==>Test was been restartet, using first
15898,search started log File: multiple started files exists ==>Test was been restartet, using first
15898,search finished log File: ,multiple finished files exists ==>Test was been restartet, using first
15926,search started log File: multiple started files exists ==>Test was been restartet, using first
15926,search finished log File: ,multiple finished files exists ==>Test was been restartet, using first
16798,search started log File: multiple started files exists ==>Test was been restartet, using first
16798,search finished log File: ,multiple finished files exists ==>Test was been restartet, using first
17074,search started log File: multiple started files exists ==>Test was been restartet, using first
17074,search finished log File: ,multiple finished files exists ==>Test was been restartet, using first
17075,search started log File: multiple started files exists ==>Test was been restartet, using first
17075,search finished log File: ,multiple finished files exists ==>Test was been restartet, using first
17076,search started log File: multiple started files exists ==>Test was been restartet, using first
17076,search finished log File: ,multiple finished files exists ==>Test was been restartet, using first
17222,search started log File: multiple started files exists ==>Test was been restartet, using first
17222,search finished log File: ,multiple finished files exists ==>Test was been restartet, using first
17379,search started log File: multiple started files exists ==>Test was been restartet, using first
17379,search finished log File: ,multiple finished files exists ==>Test was been restartet, using first
17426,search started log File: multiple started files exists ==>Test was been restartet, using first
17426,search finished log File: ,multiple finished files exists ==>Test was been restartet, using first
17588,search finished log File: No *finished.*.txt file(s) were found in Path \\sysmpaqs\QS\TOSCA\projects\mpa_314\ExecutionLogfiles\MPA_3.14_445611_MPAQSSNSEXEC2\\testRunLog\17588\
17908,search started log File: multiple started files exists ==>Test was been restartet, using first
17908,search finished log File: ,multiple finished files exists ==>Test was been restartet, using first
18598,search started log File: multiple started files exists ==>Test was been restartet, using first
18598,search finished log File: ,multiple finished files exists ==>Test was been restartet, using first
18607,search started log File: multiple started files exists ==>Test was been restartet, using first
18751,search started log File:No *started.*.txt file(s) were found in Path \\sysmpaqs\QS\TOSCA\projects\mpa_314\ExecutionLogfiles\MPA_3.14_445611_MPAQSSNSEXEC2\\testRunLog\18751\
18751,search finished log File: No *finished.*.txt file(s) were found in Path \\sysmpaqs\QS\TOSCA\projects\mpa_314\ExecutionLogfiles\MPA_3.14_445611_MPAQSSNSEXEC2\\testRunLog\18751\
19045,search started log File: multiple started files exists ==>Test was been restartet, using first
19045,search finished log File: ,multiple finished files exists ==>Test was been restartet, using first
19046,search started log File: multiple started files exists ==>Test was been restartet, using first
19046,search finished log File: ,multiple finished files exists ==>Test was been restartet, using first
19050,search started log File: multiple started files exists ==>Test was been restartet, using first
19050,search finished log File: ,multiple finished files exists ==>Test was been restartet, using first
19051,search started log File: multiple started files exists ==>Test was been restartet, using first
19051,search finished log File: ,multiple finished files exists ==>Test was been restartet, using first
19090,search started log File: multiple started files exists ==>Test was been restartet, using first
19090,search finished log File: ,multiple finished files exists ==>Test was been restartet, using first
219,search started log File: multiple started files exists ==>Test was been restartet, using first
219,search finished log File: ,multiple finished files exists ==>Test was been restartet, using first
347,search started log File: multiple started files exists ==>Test was been restartet, using first
347,search finished log File: ,multiple finished files exists ==>Test was been restartet, using first
349,search started log File: multiple started files exists ==>Test was been restartet, using first
349,search finished log File: ,multiple finished files exists ==>Test was been restartet, using first
3493,search started log File: multiple started files exists ==>Test was been restartet, using first
3493,search finished log File: ,multiple finished files exists ==>Test was been restartet, using first
352,search started log File: multiple started files exists ==>Test was been restartet, using first
352,search finished log File: ,multiple finished files exists ==>Test was been restartet, using first
3537,search finished log File: No *finished.*.txt file(s) were found in Path \\sysmpaqs\QS\TOSCA\projects\mpa_314\ExecutionLogfiles\MPA_3.14_445611_MPAQSSNSEXEC2\\testRunLog\3537\
3740,search started log File: multiple started files exists ==>Test was been restartet, using first
3740,search finished log File: ,multiple finished files exists ==>Test was been restartet, using first
396,search started log File: multiple started files exists ==>Test was been restartet, using first
396,search finished log File: ,multiple finished files exists ==>Test was been restartet, using first
4203,search started log File: multiple started files exists ==>Test was been restartet, using first
4203,search finished log File: ,multiple finished files exists ==>Test was been restartet, using first
4204,search started log File: multiple started files exists ==>Test was been restartet, using first
4204,search finished log File: ,multiple finished files exists ==>Test was been restartet, using first
526,search started log File: multiple started files exists ==>Test was been restartet, using first
526,search finished log File: ,multiple finished files exists ==>Test was been restartet, using first
541,search started log File: multiple started files exists ==>Test was been restartet, using first
541,search finished log File: ,multiple finished files exists ==>Test was been restartet, using first
545,search started log File: multiple started files exists ==>Test was been restartet, using first
545,search finished log File: ,multiple finished files exists ==>Test was been restartet, using first
572,search started log File: multiple started files exists ==>Test was been restartet, using first
572,search finished log File: ,multiple finished files exists ==>Test was been restartet, using first
654,search started log File: multiple started files exists ==>Test was been restartet, using first
654,search finished log File: ,multiple finished files exists ==>Test was been restartet, using first
685,search started log File: multiple started files exists ==>Test was been restartet, using first
685,search finished log File: ,multiple finished files exists ==>Test was been restartet, using first
687,search started log File: multiple started files exists ==>Test was been restartet, using first
687,search finished log File: ,multiple finished files exists ==>Test was been restartet, using first
733,search started log File: multiple started files exists ==>Test was been restartet, using first
733,search finished log File: ,multiple finished files exists ==>Test was been restartet, using first
734,search started log File: multiple started files exists ==>Test was been restartet, using first
734,search finished log File: ,multiple finished files exists ==>Test was been restartet, using first
735,search started log File: multiple started files exists ==>Test was been restartet, using first
735,search finished log File: ,multiple finished files exists ==>Test was been restartet, using first
760,search started log File: multiple started files exists ==>Test was been restartet, using first
760,search finished log File: ,multiple finished files exists ==>Test was been restartet, using first
859,search started log File: multiple started files exists ==>Test was been restartet, using first
859,search finished log File: ,multiple finished files exists ==>Test was been restartet, using first
860,search started log File: multiple started files exists ==>Test was been restartet, using first
860,search finished log File: ,multiple finished files exists ==>Test was been restartet, using first
861,search started log File: multiple started files exists ==>Test was been restartet, using first
861,search finished log File: ,multiple finished files exists ==>Test was been restartet, using first
885,search started log File: multiple started files exists ==>Test was been restartet, using first
885,search finished log File: ,multiple finished files exists ==>Test was been restartet, using first
9242,search started log File: multiple started files exists ==>Test was been restartet, using first
9242,search finished log File: ,multiple finished files exists ==>Test was been restartet, using first
9243,search started log File: multiple started files exists ==>Test was been restartet, using first
9243,search finished log File: ,multiple finished files exists ==>Test was been restartet, using first
9285,search started log File: multiple started files exists ==>Test was been restartet, using first
9285,search finished log File: ,multiple finished files exists ==>Test was been restartet, using first
9682,search started log File: multiple started files exists ==>Test was been restartet, using first
9682,search finished log File: ,multiple finished files exists ==>Test was been restartet, using first
9685,search started log File: multiple started files exists ==>Test was been restartet, using first
9685,search finished log File: ,multiple finished files exists ==>Test was been restartet, using first
9696,search started log File: multiple started files exists ==>Test was been restartet, using first
9696,search finished log File: ,multiple finished files exists ==>Test was been restartet, using first
9698,search started log File: multiple started files exists ==>Test was been restartet, using first
9698,search finished log File: ,multiple finished files exists ==>Test was been restartet, using first
9714,search started log File: multiple started files exists ==>Test was been restartet, using first
9714,search finished log File: ,multiple finished files exists ==>Test was been restartet, using first
9822,search started log File: multiple started files exists ==>Test was been restartet, using first
9822,search finished log File: ,multiple finished files exists ==>Test was been restartet, using first
9846,search started log File: multiple started files exists ==>Test was been restartet, using first
9846,search finished log File: ,multiple finished files exists ==>Test was been restartet, using first
9847,search started log File: multiple started files exists ==>Test was been restartet, using first
9847,search finished log File: ,multiple finished files exists ==>Test was been restartet, using first
9851,search started log File: multiple started files exists ==>Test was been restartet, using first
9851,search finished log File: ,multiple finished files exists ==>Test was been restartet, using first
9852,search started log File: multiple started files exists ==>Test was been restartet, using first
9852,search finished log File: ,multiple finished files exists ==>Test was been restartet, using first
9854,search started log File: multiple started files exists ==>Test was been restartet, using first
9854,search finished log File: ,multiple finished files exists ==>Test was been restartet, using first
9899,search started log File: multiple started files exists ==>Test was been restartet, using first
9899,search finished log File: ,multiple finished files exists ==>Test was been restartet, using first
9900,search started log File: multiple started files exists ==>Test was been restartet, using first
9900,search finished log File: ,multiple finished files exists ==>Test was been restartet, using first
9902,search started log File: multiple started files exists ==>Test was been restartet, using first
9902,search finished log File: ,multiple finished files exists ==>Test was been restartet, using first
9934,search started log File: multiple started files exists ==>Test was been restartet, using first
9934,search finished log File: ,multiple finished files exists ==>Test was been restartet, using first
9939,search started log File: multiple started files exists ==>Test was been restartet, using first
9939,search finished log File: ,multiple finished files exists ==>Test was been restartet, using first
9955,search started log File: multiple started files exists ==>Test was been restartet, using first
9955,search finished log File: ,multiple finished files exists ==>Test was been restartet, using first
9956,search started log File: multiple started files exists ==>Test was been restartet, using first
9956,search finished log File: ,multiple finished files exists ==>Test was been restartet, using first
9957,search started log File: multiple started files exists ==>Test was been restartet, using first
9957,search finished log File: ,multiple finished files exists ==>Test was been restartet, using first
9963,search started log File: multiple started files exists ==>Test was been restartet, using first
9963,search finished log File: ,multiple finished files exists ==>Test was been restartet, using first
9966,search started log File: multiple started files exists ==>Test was been restartet, using first
9966,search finished log File: ,multiple finished files exists ==>Test was been restartet, using first
9967,search started log File: multiple started files exists ==>Test was been restartet, using first
9967,search finished log File: ,multiple finished files exists ==>Test was been restartet, using first
9970,search started log File: multiple started files exists ==>Test was been restartet, using first
9970,search finished log File: ,multiple finished files exists ==>Test was been restartet, using first
9975,search started log File: multiple started files exists ==>Test was been restartet, using first
9975,search finished log File: ,multiple finished files exists ==>Test was been restartet, using first
9986,search started log File: multiple started files exists ==>Test was been restartet, using first
9986,search finished log File: ,multiple finished files exists ==>Test was been restartet, using first
9998,search started log File: multiple started files exists ==>Test was been restartet, using first
9998,search finished log File: ,multiple finished files exists ==>Test was been restartet, using first
9999,search started log File: multiple started files exists ==>Test was been restartet, using first
9999,search finished log File: ,multiple finished files exists ==>Test was been restartet, using first
