11587,search started log File: multiple started files exists ==>Test was been restartet, using first
12288,search started log File:No *started.*.txt file(s) were found in Path \\sysmpaqs\QS\TOSCA\projects\mpa_head\ExecutionLogfiles\MPA_HEAD_446033_MPAQSSNSEXEC3\\testRunLog\12288\
12288,search finished log File: No *finished.*.txt file(s) were found in Path \\sysmpaqs\QS\TOSCA\projects\mpa_head\ExecutionLogfiles\MPA_HEAD_446033_MPAQSSNSEXEC3\\testRunLog\12288\
12304,search started log File:No *started.*.txt file(s) were found in Path \\sysmpaqs\QS\TOSCA\projects\mpa_head\ExecutionLogfiles\MPA_HEAD_446033_MPAQSSNSEXEC3\\testRunLog\12304\
12304,search finished log File: No *finished.*.txt file(s) were found in Path \\sysmpaqs\QS\TOSCA\projects\mpa_head\ExecutionLogfiles\MPA_HEAD_446033_MPAQSSNSEXEC3\\testRunLog\12304\
12318,search started log File:No *started.*.txt file(s) were found in Path \\sysmpaqs\QS\TOSCA\projects\mpa_head\ExecutionLogfiles\MPA_HEAD_446033_MPAQSSNSEXEC3\\testRunLog\12318\
12318,search finished log File: No *finished.*.txt file(s) were found in Path \\sysmpaqs\QS\TOSCA\projects\mpa_head\ExecutionLogfiles\MPA_HEAD_446033_MPAQSSNSEXEC3\\testRunLog\12318\
12336,search started log File:No *started.*.txt file(s) were found in Path \\sysmpaqs\QS\TOSCA\projects\mpa_head\ExecutionLogfiles\MPA_HEAD_446033_MPAQSSNSEXEC3\\testRunLog\12336\
12336,search finished log File: No *finished.*.txt file(s) were found in Path \\sysmpaqs\QS\TOSCA\projects\mpa_head\ExecutionLogfiles\MPA_HEAD_446033_MPAQSSNSEXEC3\\testRunLog\12336\
12534,search started log File:No *started.*.txt file(s) were found in Path \\sysmpaqs\QS\TOSCA\projects\mpa_head\ExecutionLogfiles\MPA_HEAD_446033_MPAQSSNSEXEC3\\testRunLog\12534\
12534,search finished log File: No *finished.*.txt file(s) were found in Path \\sysmpaqs\QS\TOSCA\projects\mpa_head\ExecutionLogfiles\MPA_HEAD_446033_MPAQSSNSEXEC3\\testRunLog\12534\
12539,search started log File:No *started.*.txt file(s) were found in Path \\sysmpaqs\QS\TOSCA\projects\mpa_head\ExecutionLogfiles\MPA_HEAD_446033_MPAQSSNSEXEC3\\testRunLog\12539\
12539,search finished log File: No *finished.*.txt file(s) were found in Path \\sysmpaqs\QS\TOSCA\projects\mpa_head\ExecutionLogfiles\MPA_HEAD_446033_MPAQSSNSEXEC3\\testRunLog\12539\
12552,search started log File:No *started.*.txt file(s) were found in Path \\sysmpaqs\QS\TOSCA\projects\mpa_head\ExecutionLogfiles\MPA_HEAD_446033_MPAQSSNSEXEC3\\testRunLog\12552\
12552,search finished log File: No *finished.*.txt file(s) were found in Path \\sysmpaqs\QS\TOSCA\projects\mpa_head\ExecutionLogfiles\MPA_HEAD_446033_MPAQSSNSEXEC3\\testRunLog\12552\
12569,search started log File:No *started.*.txt file(s) were found in Path \\sysmpaqs\QS\TOSCA\projects\mpa_head\ExecutionLogfiles\MPA_HEAD_446033_MPAQSSNSEXEC3\\testRunLog\12569\
12569,search finished log File: No *finished.*.txt file(s) were found in Path \\sysmpaqs\QS\TOSCA\projects\mpa_head\ExecutionLogfiles\MPA_HEAD_446033_MPAQSSNSEXEC3\\testRunLog\12569\
12583,search started log File: multiple started files exists ==>Test was been restartet, using first
12583,search finished log File: ,multiple finished files exists ==>Test was been restartet, using first
12583,search failed log File: ,multiple failed files exists ==>Test was been restartet, using first
12588,search started log File:No *started.*.txt file(s) were found in Path \\sysmpaqs\QS\TOSCA\projects\mpa_head\ExecutionLogfiles\MPA_HEAD_446033_MPAQSSNSEXEC3\\testRunLog\12588\
12588,search finished log File: No *finished.*.txt file(s) were found in Path \\sysmpaqs\QS\TOSCA\projects\mpa_head\ExecutionLogfiles\MPA_HEAD_446033_MPAQSSNSEXEC3\\testRunLog\12588\
12611,search started log File:No *started.*.txt file(s) were found in Path \\sysmpaqs\QS\TOSCA\projects\mpa_head\ExecutionLogfiles\MPA_HEAD_446033_MPAQSSNSEXEC3\\testRunLog\12611\
12611,search finished log File: No *finished.*.txt file(s) were found in Path \\sysmpaqs\QS\TOSCA\projects\mpa_head\ExecutionLogfiles\MPA_HEAD_446033_MPAQSSNSEXEC3\\testRunLog\12611\
12690,search started log File:No *started.*.txt file(s) were found in Path \\sysmpaqs\QS\TOSCA\projects\mpa_head\ExecutionLogfiles\MPA_HEAD_446033_MPAQSSNSEXEC3\\testRunLog\12690\
12690,search finished log File: No *finished.*.txt file(s) were found in Path \\sysmpaqs\QS\TOSCA\projects\mpa_head\ExecutionLogfiles\MPA_HEAD_446033_MPAQSSNSEXEC3\\testRunLog\12690\
12805,search started log File: multiple started files exists ==>Test was been restartet, using first
12805,search finished log File: ,multiple finished files exists ==>Test was been restartet, using first
12805,search failed log File: ,multiple failed files exists ==>Test was been restartet, using first
12928,search started log File:No *started.*.txt file(s) were found in Path \\sysmpaqs\QS\TOSCA\projects\mpa_head\ExecutionLogfiles\MPA_HEAD_446033_MPAQSSNSEXEC3\\testRunLog\12928\
12928,search finished log File: No *finished.*.txt file(s) were found in Path \\sysmpaqs\QS\TOSCA\projects\mpa_head\ExecutionLogfiles\MPA_HEAD_446033_MPAQSSNSEXEC3\\testRunLog\12928\
12930,search started log File:No *started.*.txt file(s) were found in Path \\sysmpaqs\QS\TOSCA\projects\mpa_head\ExecutionLogfiles\MPA_HEAD_446033_MPAQSSNSEXEC3\\testRunLog\12930\
12930,search finished log File: No *finished.*.txt file(s) were found in Path \\sysmpaqs\QS\TOSCA\projects\mpa_head\ExecutionLogfiles\MPA_HEAD_446033_MPAQSSNSEXEC3\\testRunLog\12930\
12935,search started log File:No *started.*.txt file(s) were found in Path \\sysmpaqs\QS\TOSCA\projects\mpa_head\ExecutionLogfiles\MPA_HEAD_446033_MPAQSSNSEXEC3\\testRunLog\12935\
12935,search finished log File: No *finished.*.txt file(s) were found in Path \\sysmpaqs\QS\TOSCA\projects\mpa_head\ExecutionLogfiles\MPA_HEAD_446033_MPAQSSNSEXEC3\\testRunLog\12935\
12970,search started log File:No *started.*.txt file(s) were found in Path \\sysmpaqs\QS\TOSCA\projects\mpa_head\ExecutionLogfiles\MPA_HEAD_446033_MPAQSSNSEXEC3\\testRunLog\12970\
12970,search finished log File: No *finished.*.txt file(s) were found in Path \\sysmpaqs\QS\TOSCA\projects\mpa_head\ExecutionLogfiles\MPA_HEAD_446033_MPAQSSNSEXEC3\\testRunLog\12970\
12983,search started log File:No *started.*.txt file(s) were found in Path \\sysmpaqs\QS\TOSCA\projects\mpa_head\ExecutionLogfiles\MPA_HEAD_446033_MPAQSSNSEXEC3\\testRunLog\12983\
12983,search finished log File: No *finished.*.txt file(s) were found in Path \\sysmpaqs\QS\TOSCA\projects\mpa_head\ExecutionLogfiles\MPA_HEAD_446033_MPAQSSNSEXEC3\\testRunLog\12983\
12997,search started log File:No *started.*.txt file(s) were found in Path \\sysmpaqs\QS\TOSCA\projects\mpa_head\ExecutionLogfiles\MPA_HEAD_446033_MPAQSSNSEXEC3\\testRunLog\12997\
12997,search finished log File: No *finished.*.txt file(s) were found in Path \\sysmpaqs\QS\TOSCA\projects\mpa_head\ExecutionLogfiles\MPA_HEAD_446033_MPAQSSNSEXEC3\\testRunLog\12997\
13020,search finished log File: No *finished.*.txt file(s) were found in Path \\sysmpaqs\QS\TOSCA\projects\mpa_head\ExecutionLogfiles\MPA_HEAD_446033_MPAQSSNSEXEC3\\testRunLog\13020\
13036,search started log File:No *started.*.txt file(s) were found in Path \\sysmpaqs\QS\TOSCA\projects\mpa_head\ExecutionLogfiles\MPA_HEAD_446033_MPAQSSNSEXEC3\\testRunLog\13036\
13036,search finished log File: No *finished.*.txt file(s) were found in Path \\sysmpaqs\QS\TOSCA\projects\mpa_head\ExecutionLogfiles\MPA_HEAD_446033_MPAQSSNSEXEC3\\testRunLog\13036\
13129,search started log File:No *started.*.txt file(s) were found in Path \\sysmpaqs\QS\TOSCA\projects\mpa_head\ExecutionLogfiles\MPA_HEAD_446033_MPAQSSNSEXEC3\\testRunLog\13129\
13129,search finished log File: No *finished.*.txt file(s) were found in Path \\sysmpaqs\QS\TOSCA\projects\mpa_head\ExecutionLogfiles\MPA_HEAD_446033_MPAQSSNSEXEC3\\testRunLog\13129\
13160,search started log File: multiple started files exists ==>Test was been restartet, using first
13160,search finished log File: ,multiple finished files exists ==>Test was been restartet, using first
13180,search started log File:No *started.*.txt file(s) were found in Path \\sysmpaqs\QS\TOSCA\projects\mpa_head\ExecutionLogfiles\MPA_HEAD_446033_MPAQSSNSEXEC3\\testRunLog\13180\
13180,search finished log File: No *finished.*.txt file(s) were found in Path \\sysmpaqs\QS\TOSCA\projects\mpa_head\ExecutionLogfiles\MPA_HEAD_446033_MPAQSSNSEXEC3\\testRunLog\13180\
13207,search started log File: multiple started files exists ==>Test was been restartet, using first
13207,search finished log File: ,multiple finished files exists ==>Test was been restartet, using first
13207,search failed log File: ,multiple failed files exists ==>Test was been restartet, using first
13262,search started log File:No *started.*.txt file(s) were found in Path \\sysmpaqs\QS\TOSCA\projects\mpa_head\ExecutionLogfiles\MPA_HEAD_446033_MPAQSSNSEXEC3\\testRunLog\13262\
13262,search finished log File: No *finished.*.txt file(s) were found in Path \\sysmpaqs\QS\TOSCA\projects\mpa_head\ExecutionLogfiles\MPA_HEAD_446033_MPAQSSNSEXEC3\\testRunLog\13262\
13361,search started log File:No *started.*.txt file(s) were found in Path \\sysmpaqs\QS\TOSCA\projects\mpa_head\ExecutionLogfiles\MPA_HEAD_446033_MPAQSSNSEXEC3\\testRunLog\13361\
13361,search finished log File: No *finished.*.txt file(s) were found in Path \\sysmpaqs\QS\TOSCA\projects\mpa_head\ExecutionLogfiles\MPA_HEAD_446033_MPAQSSNSEXEC3\\testRunLog\13361\
13469,search started log File:No *started.*.txt file(s) were found in Path \\sysmpaqs\QS\TOSCA\projects\mpa_head\ExecutionLogfiles\MPA_HEAD_446033_MPAQSSNSEXEC3\\testRunLog\13469\
13469,search finished log File: No *finished.*.txt file(s) were found in Path \\sysmpaqs\QS\TOSCA\projects\mpa_head\ExecutionLogfiles\MPA_HEAD_446033_MPAQSSNSEXEC3\\testRunLog\13469\
14043,search started log File:No *started.*.txt file(s) were found in Path \\sysmpaqs\QS\TOSCA\projects\mpa_head\ExecutionLogfiles\MPA_HEAD_446033_MPAQSSNSEXEC3\\testRunLog\14043\
14043,search finished log File: No *finished.*.txt file(s) were found in Path \\sysmpaqs\QS\TOSCA\projects\mpa_head\ExecutionLogfiles\MPA_HEAD_446033_MPAQSSNSEXEC3\\testRunLog\14043\
14071,search started log File: multiple started files exists ==>Test was been restartet, using first
14071,search finished log File: ,multiple finished files exists ==>Test was been restartet, using first
14071,search failed log File: ,multiple failed files exists ==>Test was been restartet, using first
14128,search started log File:No *started.*.txt file(s) were found in Path \\sysmpaqs\QS\TOSCA\projects\mpa_head\ExecutionLogfiles\MPA_HEAD_446033_MPAQSSNSEXEC3\\testRunLog\14128\
14128,search finished log File: No *finished.*.txt file(s) were found in Path \\sysmpaqs\QS\TOSCA\projects\mpa_head\ExecutionLogfiles\MPA_HEAD_446033_MPAQSSNSEXEC3\\testRunLog\14128\
14131,search started log File:No *started.*.txt file(s) were found in Path \\sysmpaqs\QS\TOSCA\projects\mpa_head\ExecutionLogfiles\MPA_HEAD_446033_MPAQSSNSEXEC3\\testRunLog\14131\
14131,search finished log File: No *finished.*.txt file(s) were found in Path \\sysmpaqs\QS\TOSCA\projects\mpa_head\ExecutionLogfiles\MPA_HEAD_446033_MPAQSSNSEXEC3\\testRunLog\14131\
14137,search started log File:No *started.*.txt file(s) were found in Path \\sysmpaqs\QS\TOSCA\projects\mpa_head\ExecutionLogfiles\MPA_HEAD_446033_MPAQSSNSEXEC3\\testRunLog\14137\
14137,search finished log File: No *finished.*.txt file(s) were found in Path \\sysmpaqs\QS\TOSCA\projects\mpa_head\ExecutionLogfiles\MPA_HEAD_446033_MPAQSSNSEXEC3\\testRunLog\14137\
14138,search started log File:No *started.*.txt file(s) were found in Path \\sysmpaqs\QS\TOSCA\projects\mpa_head\ExecutionLogfiles\MPA_HEAD_446033_MPAQSSNSEXEC3\\testRunLog\14138\
14138,search finished log File: No *finished.*.txt file(s) were found in Path \\sysmpaqs\QS\TOSCA\projects\mpa_head\ExecutionLogfiles\MPA_HEAD_446033_MPAQSSNSEXEC3\\testRunLog\14138\
14242,search started log File:No *started.*.txt file(s) were found in Path \\sysmpaqs\QS\TOSCA\projects\mpa_head\ExecutionLogfiles\MPA_HEAD_446033_MPAQSSNSEXEC3\\testRunLog\14242\
14242,search finished log File: No *finished.*.txt file(s) were found in Path \\sysmpaqs\QS\TOSCA\projects\mpa_head\ExecutionLogfiles\MPA_HEAD_446033_MPAQSSNSEXEC3\\testRunLog\14242\
14382,search started log File:No *started.*.txt file(s) were found in Path \\sysmpaqs\QS\TOSCA\projects\mpa_head\ExecutionLogfiles\MPA_HEAD_446033_MPAQSSNSEXEC3\\testRunLog\14382\
14382,search finished log File: No *finished.*.txt file(s) were found in Path \\sysmpaqs\QS\TOSCA\projects\mpa_head\ExecutionLogfiles\MPA_HEAD_446033_MPAQSSNSEXEC3\\testRunLog\14382\
14385,search started log File:No *started.*.txt file(s) were found in Path \\sysmpaqs\QS\TOSCA\projects\mpa_head\ExecutionLogfiles\MPA_HEAD_446033_MPAQSSNSEXEC3\\testRunLog\14385\
14385,search finished log File: No *finished.*.txt file(s) were found in Path \\sysmpaqs\QS\TOSCA\projects\mpa_head\ExecutionLogfiles\MPA_HEAD_446033_MPAQSSNSEXEC3\\testRunLog\14385\
14386,search started log File:No *started.*.txt file(s) were found in Path \\sysmpaqs\QS\TOSCA\projects\mpa_head\ExecutionLogfiles\MPA_HEAD_446033_MPAQSSNSEXEC3\\testRunLog\14386\
14386,search finished log File: No *finished.*.txt file(s) were found in Path \\sysmpaqs\QS\TOSCA\projects\mpa_head\ExecutionLogfiles\MPA_HEAD_446033_MPAQSSNSEXEC3\\testRunLog\14386\
14576,search started log File:No *started.*.txt file(s) were found in Path \\sysmpaqs\QS\TOSCA\projects\mpa_head\ExecutionLogfiles\MPA_HEAD_446033_MPAQSSNSEXEC3\\testRunLog\14576\
14576,search finished log File: No *finished.*.txt file(s) were found in Path \\sysmpaqs\QS\TOSCA\projects\mpa_head\ExecutionLogfiles\MPA_HEAD_446033_MPAQSSNSEXEC3\\testRunLog\14576\
14585,search started log File:No *started.*.txt file(s) were found in Path \\sysmpaqs\QS\TOSCA\projects\mpa_head\ExecutionLogfiles\MPA_HEAD_446033_MPAQSSNSEXEC3\\testRunLog\14585\
14585,search finished log File: No *finished.*.txt file(s) were found in Path \\sysmpaqs\QS\TOSCA\projects\mpa_head\ExecutionLogfiles\MPA_HEAD_446033_MPAQSSNSEXEC3\\testRunLog\14585\
14592,search started log File:No *started.*.txt file(s) were found in Path \\sysmpaqs\QS\TOSCA\projects\mpa_head\ExecutionLogfiles\MPA_HEAD_446033_MPAQSSNSEXEC3\\testRunLog\14592\
14592,search finished log File: No *finished.*.txt file(s) were found in Path \\sysmpaqs\QS\TOSCA\projects\mpa_head\ExecutionLogfiles\MPA_HEAD_446033_MPAQSSNSEXEC3\\testRunLog\14592\
14596,search started log File:No *started.*.txt file(s) were found in Path \\sysmpaqs\QS\TOSCA\projects\mpa_head\ExecutionLogfiles\MPA_HEAD_446033_MPAQSSNSEXEC3\\testRunLog\14596\
14596,search finished log File: No *finished.*.txt file(s) were found in Path \\sysmpaqs\QS\TOSCA\projects\mpa_head\ExecutionLogfiles\MPA_HEAD_446033_MPAQSSNSEXEC3\\testRunLog\14596\
14612,search started log File:No *started.*.txt file(s) were found in Path \\sysmpaqs\QS\TOSCA\projects\mpa_head\ExecutionLogfiles\MPA_HEAD_446033_MPAQSSNSEXEC3\\testRunLog\14612\
14612,search finished log File: No *finished.*.txt file(s) were found in Path \\sysmpaqs\QS\TOSCA\projects\mpa_head\ExecutionLogfiles\MPA_HEAD_446033_MPAQSSNSEXEC3\\testRunLog\14612\
14735,search started log File:No *started.*.txt file(s) were found in Path \\sysmpaqs\QS\TOSCA\projects\mpa_head\ExecutionLogfiles\MPA_HEAD_446033_MPAQSSNSEXEC3\\testRunLog\14735\
14735,search finished log File: No *finished.*.txt file(s) were found in Path \\sysmpaqs\QS\TOSCA\projects\mpa_head\ExecutionLogfiles\MPA_HEAD_446033_MPAQSSNSEXEC3\\testRunLog\14735\
14828,search started log File:No *started.*.txt file(s) were found in Path \\sysmpaqs\QS\TOSCA\projects\mpa_head\ExecutionLogfiles\MPA_HEAD_446033_MPAQSSNSEXEC3\\testRunLog\14828\
14828,search finished log File: No *finished.*.txt file(s) were found in Path \\sysmpaqs\QS\TOSCA\projects\mpa_head\ExecutionLogfiles\MPA_HEAD_446033_MPAQSSNSEXEC3\\testRunLog\14828\
15098,search started log File: multiple started files exists ==>Test was been restartet, using first
15098,search finished log File: ,multiple finished files exists ==>Test was been restartet, using first
15098,search failed log File: ,multiple failed files exists ==>Test was been restartet, using first
15103,search started log File: multiple started files exists ==>Test was been restartet, using first
15103,search finished log File: ,multiple finished files exists ==>Test was been restartet, using first
15103,search failed log File: ,multiple failed files exists ==>Test was been restartet, using first
15209,search started log File:No *started.*.txt file(s) were found in Path \\sysmpaqs\QS\TOSCA\projects\mpa_head\ExecutionLogfiles\MPA_HEAD_446033_MPAQSSNSEXEC3\\testRunLog\15209\
15209,search finished log File: No *finished.*.txt file(s) were found in Path \\sysmpaqs\QS\TOSCA\projects\mpa_head\ExecutionLogfiles\MPA_HEAD_446033_MPAQSSNSEXEC3\\testRunLog\15209\
15379,search started log File:No *started.*.txt file(s) were found in Path \\sysmpaqs\QS\TOSCA\projects\mpa_head\ExecutionLogfiles\MPA_HEAD_446033_MPAQSSNSEXEC3\\testRunLog\15379\
15379,search finished log File: No *finished.*.txt file(s) were found in Path \\sysmpaqs\QS\TOSCA\projects\mpa_head\ExecutionLogfiles\MPA_HEAD_446033_MPAQSSNSEXEC3\\testRunLog\15379\
15380,search started log File:No *started.*.txt file(s) were found in Path \\sysmpaqs\QS\TOSCA\projects\mpa_head\ExecutionLogfiles\MPA_HEAD_446033_MPAQSSNSEXEC3\\testRunLog\15380\
15380,search finished log File: No *finished.*.txt file(s) were found in Path \\sysmpaqs\QS\TOSCA\projects\mpa_head\ExecutionLogfiles\MPA_HEAD_446033_MPAQSSNSEXEC3\\testRunLog\15380\
15469,search started log File:No *started.*.txt file(s) were found in Path \\sysmpaqs\QS\TOSCA\projects\mpa_head\ExecutionLogfiles\MPA_HEAD_446033_MPAQSSNSEXEC3\\testRunLog\15469\
15469,search finished log File: No *finished.*.txt file(s) were found in Path \\sysmpaqs\QS\TOSCA\projects\mpa_head\ExecutionLogfiles\MPA_HEAD_446033_MPAQSSNSEXEC3\\testRunLog\15469\
15502,search started log File:No *started.*.txt file(s) were found in Path \\sysmpaqs\QS\TOSCA\projects\mpa_head\ExecutionLogfiles\MPA_HEAD_446033_MPAQSSNSEXEC3\\testRunLog\15502\
15502,search finished log File: No *finished.*.txt file(s) were found in Path \\sysmpaqs\QS\TOSCA\projects\mpa_head\ExecutionLogfiles\MPA_HEAD_446033_MPAQSSNSEXEC3\\testRunLog\15502\
15503,search started log File:No *started.*.txt file(s) were found in Path \\sysmpaqs\QS\TOSCA\projects\mpa_head\ExecutionLogfiles\MPA_HEAD_446033_MPAQSSNSEXEC3\\testRunLog\15503\
15503,search finished log File: No *finished.*.txt file(s) were found in Path \\sysmpaqs\QS\TOSCA\projects\mpa_head\ExecutionLogfiles\MPA_HEAD_446033_MPAQSSNSEXEC3\\testRunLog\15503\
16070,search started log File:No *started.*.txt file(s) were found in Path \\sysmpaqs\QS\TOSCA\projects\mpa_head\ExecutionLogfiles\MPA_HEAD_446033_MPAQSSNSEXEC3\\testRunLog\16070\
16070,search finished log File: No *finished.*.txt file(s) were found in Path \\sysmpaqs\QS\TOSCA\projects\mpa_head\ExecutionLogfiles\MPA_HEAD_446033_MPAQSSNSEXEC3\\testRunLog\16070\
16071,search started log File:No *started.*.txt file(s) were found in Path \\sysmpaqs\QS\TOSCA\projects\mpa_head\ExecutionLogfiles\MPA_HEAD_446033_MPAQSSNSEXEC3\\testRunLog\16071\
16071,search finished log File: No *finished.*.txt file(s) were found in Path \\sysmpaqs\QS\TOSCA\projects\mpa_head\ExecutionLogfiles\MPA_HEAD_446033_MPAQSSNSEXEC3\\testRunLog\16071\
16072,search started log File:No *started.*.txt file(s) were found in Path \\sysmpaqs\QS\TOSCA\projects\mpa_head\ExecutionLogfiles\MPA_HEAD_446033_MPAQSSNSEXEC3\\testRunLog\16072\
16072,search finished log File: No *finished.*.txt file(s) were found in Path \\sysmpaqs\QS\TOSCA\projects\mpa_head\ExecutionLogfiles\MPA_HEAD_446033_MPAQSSNSEXEC3\\testRunLog\16072\
16074,search started log File:No *started.*.txt file(s) were found in Path \\sysmpaqs\QS\TOSCA\projects\mpa_head\ExecutionLogfiles\MPA_HEAD_446033_MPAQSSNSEXEC3\\testRunLog\16074\
16074,search finished log File: No *finished.*.txt file(s) were found in Path \\sysmpaqs\QS\TOSCA\projects\mpa_head\ExecutionLogfiles\MPA_HEAD_446033_MPAQSSNSEXEC3\\testRunLog\16074\
16077,search started log File:No *started.*.txt file(s) were found in Path \\sysmpaqs\QS\TOSCA\projects\mpa_head\ExecutionLogfiles\MPA_HEAD_446033_MPAQSSNSEXEC3\\testRunLog\16077\
16077,search finished log File: No *finished.*.txt file(s) were found in Path \\sysmpaqs\QS\TOSCA\projects\mpa_head\ExecutionLogfiles\MPA_HEAD_446033_MPAQSSNSEXEC3\\testRunLog\16077\
16078,search started log File:No *started.*.txt file(s) were found in Path \\sysmpaqs\QS\TOSCA\projects\mpa_head\ExecutionLogfiles\MPA_HEAD_446033_MPAQSSNSEXEC3\\testRunLog\16078\
16078,search finished log File: No *finished.*.txt file(s) were found in Path \\sysmpaqs\QS\TOSCA\projects\mpa_head\ExecutionLogfiles\MPA_HEAD_446033_MPAQSSNSEXEC3\\testRunLog\16078\
16079,search started log File:No *started.*.txt file(s) were found in Path \\sysmpaqs\QS\TOSCA\projects\mpa_head\ExecutionLogfiles\MPA_HEAD_446033_MPAQSSNSEXEC3\\testRunLog\16079\
16079,search finished log File: No *finished.*.txt file(s) were found in Path \\sysmpaqs\QS\TOSCA\projects\mpa_head\ExecutionLogfiles\MPA_HEAD_446033_MPAQSSNSEXEC3\\testRunLog\16079\
16080,search started log File:No *started.*.txt file(s) were found in Path \\sysmpaqs\QS\TOSCA\projects\mpa_head\ExecutionLogfiles\MPA_HEAD_446033_MPAQSSNSEXEC3\\testRunLog\16080\
16080,search finished log File: No *finished.*.txt file(s) were found in Path \\sysmpaqs\QS\TOSCA\projects\mpa_head\ExecutionLogfiles\MPA_HEAD_446033_MPAQSSNSEXEC3\\testRunLog\16080\
16081,search started log File:No *started.*.txt file(s) were found in Path \\sysmpaqs\QS\TOSCA\projects\mpa_head\ExecutionLogfiles\MPA_HEAD_446033_MPAQSSNSEXEC3\\testRunLog\16081\
16081,search finished log File: No *finished.*.txt file(s) were found in Path \\sysmpaqs\QS\TOSCA\projects\mpa_head\ExecutionLogfiles\MPA_HEAD_446033_MPAQSSNSEXEC3\\testRunLog\16081\
16082,search started log File:No *started.*.txt file(s) were found in Path \\sysmpaqs\QS\TOSCA\projects\mpa_head\ExecutionLogfiles\MPA_HEAD_446033_MPAQSSNSEXEC3\\testRunLog\16082\
16082,search finished log File: No *finished.*.txt file(s) were found in Path \\sysmpaqs\QS\TOSCA\projects\mpa_head\ExecutionLogfiles\MPA_HEAD_446033_MPAQSSNSEXEC3\\testRunLog\16082\
16112,search finished log File: No *finished.*.txt file(s) were found in Path \\sysmpaqs\QS\TOSCA\projects\mpa_head\ExecutionLogfiles\MPA_HEAD_446033_MPAQSSNSEXEC3\\testRunLog\16112\
16198,search started log File:No *started.*.txt file(s) were found in Path \\sysmpaqs\QS\TOSCA\projects\mpa_head\ExecutionLogfiles\MPA_HEAD_446033_MPAQSSNSEXEC3\\testRunLog\16198\
16198,search finished log File: No *finished.*.txt file(s) were found in Path \\sysmpaqs\QS\TOSCA\projects\mpa_head\ExecutionLogfiles\MPA_HEAD_446033_MPAQSSNSEXEC3\\testRunLog\16198\
16520,search started log File:No *started.*.txt file(s) were found in Path \\sysmpaqs\QS\TOSCA\projects\mpa_head\ExecutionLogfiles\MPA_HEAD_446033_MPAQSSNSEXEC3\\testRunLog\16520\
16520,search finished log File: No *finished.*.txt file(s) were found in Path \\sysmpaqs\QS\TOSCA\projects\mpa_head\ExecutionLogfiles\MPA_HEAD_446033_MPAQSSNSEXEC3\\testRunLog\16520\
16521,search started log File:No *started.*.txt file(s) were found in Path \\sysmpaqs\QS\TOSCA\projects\mpa_head\ExecutionLogfiles\MPA_HEAD_446033_MPAQSSNSEXEC3\\testRunLog\16521\
16521,search finished log File: No *finished.*.txt file(s) were found in Path \\sysmpaqs\QS\TOSCA\projects\mpa_head\ExecutionLogfiles\MPA_HEAD_446033_MPAQSSNSEXEC3\\testRunLog\16521\
16531,search started log File:No *started.*.txt file(s) were found in Path \\sysmpaqs\QS\TOSCA\projects\mpa_head\ExecutionLogfiles\MPA_HEAD_446033_MPAQSSNSEXEC3\\testRunLog\16531\
16531,search finished log File: No *finished.*.txt file(s) were found in Path \\sysmpaqs\QS\TOSCA\projects\mpa_head\ExecutionLogfiles\MPA_HEAD_446033_MPAQSSNSEXEC3\\testRunLog\16531\
16625,search started log File:No *started.*.txt file(s) were found in Path \\sysmpaqs\QS\TOSCA\projects\mpa_head\ExecutionLogfiles\MPA_HEAD_446033_MPAQSSNSEXEC3\\testRunLog\16625\
16625,search finished log File: No *finished.*.txt file(s) were found in Path \\sysmpaqs\QS\TOSCA\projects\mpa_head\ExecutionLogfiles\MPA_HEAD_446033_MPAQSSNSEXEC3\\testRunLog\16625\
16713,search started log File:No *started.*.txt file(s) were found in Path \\sysmpaqs\QS\TOSCA\projects\mpa_head\ExecutionLogfiles\MPA_HEAD_446033_MPAQSSNSEXEC3\\testRunLog\16713\
16713,search finished log File: No *finished.*.txt file(s) were found in Path \\sysmpaqs\QS\TOSCA\projects\mpa_head\ExecutionLogfiles\MPA_HEAD_446033_MPAQSSNSEXEC3\\testRunLog\16713\
16714,search started log File:No *started.*.txt file(s) were found in Path \\sysmpaqs\QS\TOSCA\projects\mpa_head\ExecutionLogfiles\MPA_HEAD_446033_MPAQSSNSEXEC3\\testRunLog\16714\
16714,search finished log File: No *finished.*.txt file(s) were found in Path \\sysmpaqs\QS\TOSCA\projects\mpa_head\ExecutionLogfiles\MPA_HEAD_446033_MPAQSSNSEXEC3\\testRunLog\16714\
17359,search started log File:No *started.*.txt file(s) were found in Path \\sysmpaqs\QS\TOSCA\projects\mpa_head\ExecutionLogfiles\MPA_HEAD_446033_MPAQSSNSEXEC3\\testRunLog\17359\
17359,search finished log File: No *finished.*.txt file(s) were found in Path \\sysmpaqs\QS\TOSCA\projects\mpa_head\ExecutionLogfiles\MPA_HEAD_446033_MPAQSSNSEXEC3\\testRunLog\17359\
17387,search started log File:No *started.*.txt file(s) were found in Path \\sysmpaqs\QS\TOSCA\projects\mpa_head\ExecutionLogfiles\MPA_HEAD_446033_MPAQSSNSEXEC3\\testRunLog\17387\
17387,search finished log File: No *finished.*.txt file(s) were found in Path \\sysmpaqs\QS\TOSCA\projects\mpa_head\ExecutionLogfiles\MPA_HEAD_446033_MPAQSSNSEXEC3\\testRunLog\17387\
17434,search started log File:No *started.*.txt file(s) were found in Path \\sysmpaqs\QS\TOSCA\projects\mpa_head\ExecutionLogfiles\MPA_HEAD_446033_MPAQSSNSEXEC3\\testRunLog\17434\
17434,search finished log File: No *finished.*.txt file(s) were found in Path \\sysmpaqs\QS\TOSCA\projects\mpa_head\ExecutionLogfiles\MPA_HEAD_446033_MPAQSSNSEXEC3\\testRunLog\17434\
18751,search started log File:No *started.*.txt file(s) were found in Path \\sysmpaqs\QS\TOSCA\projects\mpa_head\ExecutionLogfiles\MPA_HEAD_446033_MPAQSSNSEXEC3\\testRunLog\18751\
18751,search finished log File: No *finished.*.txt file(s) were found in Path \\sysmpaqs\QS\TOSCA\projects\mpa_head\ExecutionLogfiles\MPA_HEAD_446033_MPAQSSNSEXEC3\\testRunLog\18751\
CDR,search log File: multiple files exists ==>Test was been restartet, using first
